{"cameraMode":{"drawMode":0,"name":"Shaded","section":"Shading Mode"},"sceneLighting":true,"audioPlay":false,"sceneViewState":{"m_AlwaysRefresh":false,"showFog":true,"showSkybox":true,"showFlares":true,"showImageEffects":true,"showParticleSystems":true,"showVisualEffectGraphs":true,"m_FxEnabled":true},"in2DMode":false,"pivot":{"x":0.5919533371925354,"y":0.6192206144332886,"z":0.5035895705223084},"rotation":{"x":-0.04138549417257309,"y":0.9507663249969482,"z":-0.14545482397079469,"w":-0.27051565051078799},"size":0.8660253882408142,"orthographic":false}