{"cameraMode":{"drawMode":0,"name":"Shaded","section":"Shading Mode"},"sceneLighting":true,"audioPlay":false,"sceneViewState":{"m_AlwaysRefresh":false,"showFog":true,"showSkybox":true,"showFlares":true,"showImageEffects":true,"showParticleSystems":true,"showVisualEffectGraphs":true,"m_FxEnabled":true},"in2DMode":false,"pivot":{"x":6.353579521179199,"y":-1.393367052078247,"z":-3.769556999206543},"rotation":{"x":0.20550628006458283,"y":-0.013211404904723168,"z":0.0027745054103434088,"w":0.978563129901886},"size":8.110363006591797,"orthographic":false}